,Unnamed: 0,score,release_year,release_month,release_day
count,18625.0,18625.0,18625.0,18625.0,18625.0
mean,9312.0,6.950459060402685,2006.5153288590604,7.138469798657718,15.60386577181208
std,5376.718717458322,1.7117358608046402,4.587528579896474,3.4767104247305802,8.690128133658588
min,0.0,0.5,1970.0,1.0,1.0
25%,4656.0,6.0,2003.0,4.0,8.0
50%,9312.0,7.3,2007.0,8.0,16.0
75%,13968.0,8.2,2010.0,10.0,23.0
max,18624.0,10.0,2016.0,12.0,31.0
